{"cameraMode":{"drawMode":0,"name":"Shaded","section":"Shading Mode"},"sceneLighting":false,"audioPlay":false,"sceneViewState":{"showFog":true,"showMaterialUpdate":false,"showSkybox":false,"showFlares":true,"showImageEffects":true,"showParticleSystems":true},"in2DMode":false,"pivot":{"x":0.9718576073646545,"y":3.5303893089294435,"z":0.0},"rotation":{"x":0.0911450982093811,"y":0.007526386994868517,"z":0.02266291156411171,"w":0.9955535531044006},"size":7.6350812911987309,"orthographic":false}