{"cameraMode":{"drawMode":0,"name":"Shaded","section":"Shading Mode"},"sceneLighting":false,"audioPlay":false,"sceneViewState":{"showFog":true,"showMaterialUpdate":false,"showSkybox":true,"showFlares":true,"showImageEffects":true,"showParticleSystems":true},"in2DMode":false,"pivot":{"x":0.6060486435890198,"y":1.5036234855651856,"z":1.302357792854309},"rotation":{"x":0.19800730049610139,"y":0.070571668446064,"z":-0.014609908685088158,"w":0.9775480031967163},"size":12.267777442932129,"orthographic":false}